,City,Latitudes,Longtitudes,Humidity,Wind Speed,Cloudiness,Temperature
0,Bambous Virieux,-20.34,57.76,78,5.1,40,23.67
1,Tautira,-17.73,-149.15,69,8.2,20,27.89
2,Busselton,-33.65,115.33,34,3.41,1,21.9
3,Saint-Philippe,-21.36,55.77,49,3.1,36,20.62
4,Jamestown,42.1,-79.24,93,4.6,90,11.41
5,Grindavik,63.84,-22.43,86,4.1,46,1.0
6,Cabo San Lucas,22.89,-109.91,58,1.5,5,28.63
7,Kununurra,-15.77,128.73,35,2.6,26,37.0
8,Hobart,-42.88,147.33,62,5.7,20,17.0
9,Kapaa,22.08,-159.32,66,4.6,40,28.06
10,East London,-33.02,27.91,76,9.35,74,17.29
11,Nikolskoye,59.7,30.79,80,6.0,90,1.2
12,Dikson,73.51,80.55,95,7.49,98,-4.28
13,Dingle,11.0,122.67,85,1.54,100,26.78
14,Rikitea,-23.12,-134.97,77,4.73,0,23.5
15,Clyde River,70.47,-68.59,91,5.7,90,0.0
16,Narsaq,60.92,-46.05,84,2.1,98,0.0
17,Vila,42.03,-8.16,95,1.34,86,12.78
18,Mar del Plata,-38.0,-57.56,62,5.1,7,11.44
19,Bredasdorp,-34.53,20.04,71,5.7,51,14.0
20,Saint-Joseph,-21.37,55.62,49,3.1,16,20.65
21,São José da Coroa Grande,-8.9,-35.15,78,4.22,24,23.97
22,Hermanus,-34.42,19.23,89,0.89,15,13.33
23,Ushuaia,-54.8,-68.3,92,13.9,75,2.0
24,Goderich,43.75,-81.72,81,3.63,100,6.7
25,Atuona,-9.8,-139.03,74,8.21,1,25.94
26,Tual,-5.67,132.75,93,1.39,100,24.34
27,Geraldton,-28.77,114.6,53,5.1,75,22.0
28,Port Alfred,-33.59,26.89,77,9.72,13,16.43
29,Saint George,37.1,-113.58,12,3.1,1,26.0
30,Caluquembe,-13.78,14.68,81,0.45,68,16.15
31,Albany,42.6,-73.97,89,3.33,100,12.75
32,Pisco,-13.7,-76.22,77,6.2,0,16.86
33,Araouane,18.9,-3.53,15,3.55,0,28.85
34,Lebu,-37.62,-73.65,74,6.42,1,9.46
35,Orbetello,42.44,11.22,87,1.5,16,9.95
36,Ribeira Brava,32.65,-17.07,98,3.13,100,18.19
37,Arraial do Cabo,-22.97,-42.03,83,10.02,96,22.37
38,Yellowknife,62.46,-114.35,85,1.0,75,-3.98
39,Saint Paul Harbor,57.79,-152.41,49,4.1,1,8.0
40,Punta Arenas,-53.15,-70.92,80,9.3,20,3.94
41,Tuktoyaktuk,69.45,-133.04,85,6.7,90,-5.0
42,Derzhavīnsk,51.1,66.32,73,4.85,0,8.39
43,Nome,64.5,-165.41,93,0.47,90,3.37
44,Deputatsky,69.3,139.9,96,1.48,97,-11.15
45,Huron,41.15,-82.55,94,0.89,99,9.41
46,George Town,5.41,100.34,79,0.5,20,29.42
47,Ribeira Grande,38.52,-28.7,66,10.99,45,18.02
48,Gizo Government Station,-8.1,156.84,67,1.74,73,29.41
49,Barrow,71.29,-156.79,79,5.1,90,-4.0
50,San Quintín,30.48,-115.95,83,5.87,0,20.12
51,Mataura,-46.19,168.86,69,6.26,88,11.11
52,Avarua,-21.21,-159.78,74,2.1,48,27.0
53,Pevek,69.7,170.31,93,6.73,18,-3.03
54,Yulara,-25.24,130.99,48,4.1,0,28.0
55,Toora-Khem,52.47,96.11,80,2.05,89,-3.82
56,Kismayo,-0.36,42.55,84,5.71,20,25.79
57,Sakakah,29.97,40.21,16,2.38,0,18.0
58,Cururupu,-1.83,-44.87,84,2.37,53,25.16
59,Varberg,57.11,12.25,92,4.02,100,7.78
60,Aksu,41.12,80.26,35,0.72,0,13.75
61,Golčův Jeníkov,49.82,15.48,86,2.1,53,4.14
62,Souillac,-20.52,57.52,78,5.1,40,23.0
63,Butaritari,3.07,172.79,75,4.72,100,28.18
64,Šeduva,55.77,23.77,83,4.1,63,3.0
65,Nouakchott,18.09,-15.98,25,3.1,0,29.0
66,Arrondissement de Limoux,42.92,2.17,87,8.2,90,13.74
67,Beringovskiy,63.05,179.32,90,5.9,98,4.33
68,Ternate,0.8,127.4,68,3.76,88,28.96
69,Leningradskiy,69.38,178.42,91,2.97,37,-3.16
70,Zhanakorgan,43.91,67.25,38,1.61,0,12.36
71,Port Hardy,50.7,-127.42,93,2.1,75,8.0
72,Te Anau,-45.42,167.72,50,2.47,6,12.76
73,Vaini,-21.2,-175.2,65,5.1,40,25.0
74,Port Blair,11.67,92.75,79,7.09,54,28.35
75,Cidreira,-30.18,-50.21,92,5.78,0,19.39
76,Port Elizabeth,-33.92,25.57,82,10.3,73,15.0
77,Saldanha,-33.01,17.94,81,1.0,71,10.0
78,Dolisie,-4.2,12.67,95,1.02,87,21.78
79,New Norfolk,-42.78,147.06,58,0.89,76,17.95
80,Klæbu,63.3,10.48,92,4.6,0,0.1
81,Barra do Garças,-15.89,-52.26,90,0.38,69,22.24
82,Olafsvik,64.89,-23.71,75,2.36,60,3.61
83,Qasigiannguit,68.82,-51.19,87,4.1,100,3.0
84,Kaitangata,-46.28,169.85,50,3.41,88,12.65
85,Paysandu,-32.32,-58.08,74,4.92,67,21.67
86,Dzilam González,21.28,-88.93,91,2.2,0,24.27
87,Hong Kong,22.29,114.16,64,0.45,0,24.14
88,Philadelphia,39.95,-75.16,87,3.6,75,14.96
89,Provideniya,64.38,-173.3,80,2.0,75,4.0
90,Tarakan,3.3,117.63,83,3.36,100,26.19
91,Oranjemund,-28.55,16.43,88,4.78,12,13.44
92,Amalāpuram,16.58,82.02,88,2.1,75,26.0
93,Rocha,-34.48,-54.33,92,6.08,93,15.41
94,Bahçe,37.2,36.58,82,2.6,67,14.0
95,Guerrero Negro,27.98,-114.06,73,5.61,0,22.56
96,Hilo,19.73,-155.09,58,5.1,75,25.53
97,Sire,12.93,5.2,39,2.34,0,27.0
98,Madawaska,47.36,-68.33,93,2.6,90,7.86
99,Hungund,16.07,76.05,84,3.46,95,24.31
100,Eureka,40.8,-124.16,91,2.73,3,12.78
101,Mount Gambier,-37.83,140.77,58,2.6,90,15.0
102,Bathsheba,13.22,-59.52,78,2.6,40,28.0
103,Bonavista,48.65,-53.11,87,0.45,33,10.0
104,Port Hedland,-20.32,118.57,58,5.7,0,30.0
105,Los Llanos de Aridane,28.66,-17.92,57,3.1,88,22.33
106,São Filipe,14.9,-24.5,73,0.74,30,27.57
107,Chara,56.91,118.26,94,3.03,100,-2.72
108,Acapulco de Juárez,16.86,-99.89,74,3.1,75,28.0
109,Mahon,39.89,4.27,82,4.1,2,16.0
110,Severo-Kuril'sk,50.68,156.12,67,6.37,87,5.27
111,Luocheng,29.38,104.03,94,1.59,100,13.58
112,Coquimbo,-29.95,-71.34,82,3.6,0,13.0
113,Sitrah,26.15,50.62,54,5.1,0,27.0
114,Hasaki,35.73,140.83,64,5.7,75,19.82
115,Klaksvík,62.23,-6.59,86,2.1,5,3.0
116,Ambilobe,-13.2,49.05,61,1.02,3,23.37
117,Kargasok,59.06,80.86,95,3.34,100,2.6
118,Hithadhoo,-0.6,73.08,78,6.07,87,28.11
119,Katsuura,35.13,140.3,67,5.7,75,18.32
120,Mahébourg,-20.41,57.7,78,5.1,40,23.0
121,Laguna,38.42,-121.42,40,2.28,1,22.95
122,Faya,18.39,42.45,27,2.1,0,11.5
123,Tazovsky,67.47,78.7,97,3.53,46,-8.56
124,Viedma,-40.81,-63.0,60,0.45,0,7.78
125,Yerbogachën,61.28,108.01,95,4.18,100,-3.7
126,Nuuk,64.18,-51.72,39,20.1,100,10.0
127,Gari,59.43,62.35,99,2.61,46,-0.62
128,Codrington,-38.27,141.97,76,3.44,85,13.72
129,Sūsangerd,31.56,48.18,58,1.0,0,15.0
130,Roald,62.58,6.13,64,4.1,67,3.16
131,Sørland,67.67,12.69,74,2.6,20,1.0
132,Chui,-33.7,-53.46,78,5.97,10,18.85
133,Upernavik,72.79,-56.15,95,2.94,100,0.14
134,Nha Trang,12.25,109.18,66,1.0,20,32.0
135,Ibrā’,22.69,58.53,14,2.32,0,24.49
136,Thompson,55.74,-97.86,73,2.6,90,-3.0
137,Kasungu,-13.03,33.48,65,1.7,0,18.46
138,Otradnoye,59.78,30.82,80,6.0,90,1.2
139,Puerto Ayora,-0.74,-90.35,95,2.24,91,20.56
140,Andra,62.51,65.89,97,1.52,100,-0.94
141,Gorom-Gorom,14.44,-0.24,28,2.48,0,30.77
142,Río Gallegos,-51.62,-69.22,56,12.3,57,5.0
143,Vila Franca do Campo,37.72,-25.43,77,6.7,20,16.0
144,Teguise,29.06,-13.56,88,1.5,40,20.0
145,Choix,26.71,-108.32,57,0.86,0,27.97
146,Bengkulu,-3.8,102.27,64,0.66,100,29.09
147,Anadyr,64.75,177.48,74,6.0,40,2.88
148,Phuket,8.0,98.25,83,2.1,20,28.0
149,Spirit River,55.78,-118.84,79,2.6,75,-7.17
150,Xichang,27.9,102.26,80,0.75,97,12.83
151,Esperance,-33.87,121.9,82,5.1,75,19.0
152,Kavieng,-2.57,150.8,70,1.51,99,28.66
153,Airai,-8.93,125.41,31,2.19,1,27.85
154,Niamey,13.51,2.11,58,1.5,0,28.0
155,Asău,46.43,26.4,93,0.5,0,2.76
156,Kashgar,39.45,75.98,32,5.0,0,11.0
157,Mehamn,71.04,27.85,80,6.58,100,2.96
158,Vao,-22.67,167.48,77,8.95,35,22.82
159,Itoman,26.12,127.67,62,9.3,40,29.38
160,Qaanaaq,77.48,-69.36,88,2.91,68,-1.9
161,Scarborough,54.28,-0.4,84,0.89,100,9.78
162,Adrar,20.5,-10.07,21,4.41,0,27.36
163,Torbay,47.67,-52.73,87,4.6,20,8.84
164,Cayenne,4.93,-52.33,88,1.5,47,26.0
165,Mmathubudukwane,-24.6,26.43,25,2.1,7,25.0
166,Sirte,31.21,16.59,61,4.92,0,21.28
167,Fukuechō,32.69,128.84,56,5.1,20,21.0
168,Caravelas,-17.71,-39.25,86,1.24,100,22.18
169,Atamanovka,51.93,113.63,69,5.0,75,2.0
170,Yar-Sale,66.83,70.83,96,1.36,3,-8.46
171,Saint-Pierre,-21.34,55.48,49,3.1,0,20.57
172,Mahanje,-9.93,35.33,81,1.22,18,17.37
173,Chipping Sodbury,51.54,-2.39,92,2.24,100,12.92
174,Castro,-24.79,-50.01,93,4.69,56,17.3
175,Bethel,41.37,-73.41,95,1.09,100,11.75
176,Salalah,17.02,54.09,54,2.1,40,26.0
177,Longyearbyen,78.22,15.64,63,4.6,75,-2.0
178,Penzance,50.12,-5.54,93,9.3,52,13.38
179,Bridlington,54.08,-0.19,76,4.6,100,10.31
180,Ponta do Sol,32.67,-17.1,90,5.81,100,18.26
181,Chumikan,54.72,135.31,73,10.87,0,2.17
182,Kidal,18.44,1.41,15,4.72,0,28.34
183,Qui Nhon,13.77,109.23,82,2.78,100,27.53
184,Kutum,14.2,24.67,21,3.54,7,22.6
185,Tupik,54.43,119.93,92,1.82,100,0.53
186,Kerema,-7.96,145.78,77,2.83,71,28.23
187,Iquitos,-3.75,-73.25,67,0.93,98,25.31
188,Yeppoon,-23.13,150.73,38,3.1,40,31.0
189,Churapcha,62.0,132.43,94,3.32,100,-7.78
190,Tura,25.52,90.22,71,1.55,4,27.81
191,Boende,-0.22,20.87,98,2.18,100,21.84
192,Cachoeira do Sul,-30.04,-52.89,71,1.85,0,19.36
193,Oranjestad,12.52,-70.03,79,4.1,20,29.0
194,Sos'va,59.18,61.86,98,2.14,28,-0.38
195,Adré,13.47,22.2,23,4.28,0,22.94
196,Norman Wells,65.28,-126.83,85,6.7,40,-9.0
197,Isangel,-19.55,169.27,65,5.1,75,27.0
198,Edd,13.93,41.69,72,2.2,0,27.84
199,Totness,5.88,-56.32,81,4.92,64,27.26
200,Chokurdakh,70.63,147.92,98,2.76,97,-8.37
201,Basco,20.45,121.97,78,15.39,76,28.35
202,Marzuq,14.4,46.47,31,1.2,0,16.01
203,Coahuayana Viejo,18.73,-103.68,87,0.65,41,26.24
204,Sittwe,20.15,92.9,73,4.57,73,28.69
205,Thinadhoo,0.53,72.93,77,5.87,97,28.24
206,Khromtau,50.25,58.43,52,4.98,86,7.65
207,Bandarbeyla,9.49,50.81,66,3.15,17,25.45
208,Bluff,-46.6,168.33,69,6.26,43,11.11
209,Burē,10.7,37.07,91,1.55,37,12.06
210,Ostrovnoy,68.05,39.51,83,5.78,100,1.85
211,Port Macquarie,-31.43,152.92,64,4.23,27,20.56
212,Vélingara,13.15,-14.12,71,1.76,0,24.41
213,Zhigansk,66.77,123.37,96,5.92,100,-7.2
214,Saint-François,46.42,3.91,62,5.1,95,15.0
215,Ilulissat,69.22,-51.1,94,4.1,100,3.0
216,Amapá,1.0,-52.0,83,1.35,100,23.0
217,Gillette,44.29,-105.5,87,3.6,90,4.35
218,Salice Salentino,40.39,17.96,82,3.1,0,11.51
219,Voh,-20.97,164.7,58,2.46,39,25.8
220,Pangnirtung,66.15,-65.71,91,2.74,95,-5.06
221,Hammerfest,70.66,23.68,91,6.2,75,1.0
222,Cataguases,-21.39,-42.7,87,0.98,100,21.11
223,Cavan,53.99,-7.36,92,3.58,100,12.78
224,Kuching,1.55,110.33,83,1.0,40,29.0
225,Xai-Xai,-25.05,33.64,57,5.51,0,21.12
226,Tooele,40.53,-112.3,41,2.6,1,12.57
227,Russell,32.35,-85.2,73,1.5,1,17.72
228,Yumen,40.28,97.2,32,12.59,2,13.7
229,Tiksi,71.69,128.87,92,10.49,100,-9.6
230,Fazilka,30.4,74.03,18,1.99,0,25.09
231,Eirunepé,-6.66,-69.87,92,0.74,91,22.71
232,Zhicheng,30.3,111.5,82,1.54,100,15.64
233,Richards Bay,-28.78,32.04,92,0.72,49,21.05
234,Tuatapere,-46.13,167.68,69,6.26,73,11.11
235,Lüderitz,-26.65,15.16,69,9.9,0,14.09
236,Valdivia,-39.81,-73.25,93,1.5,4,5.0
237,Makakilo City,21.35,-158.09,69,3.6,1,27.49
238,Khanbari,27.37,87.2,51,0.72,0,24.43
239,Boa Vista,2.82,-60.67,62,3.1,100,30.0
240,Teahupoo,-17.83,-149.27,69,8.2,20,27.89
241,Puerto Escondido,15.85,-97.07,70,4.1,75,29.0
242,Inírida,3.87,-67.92,85,0.62,34,24.36
243,Mora,11.05,14.14,35,0.19,2,23.76
244,Kahului,20.89,-156.47,43,3.1,20,27.84
245,Liberty,31.83,-81.5,83,1.79,0,20.44
246,Port Moresby,-9.44,147.18,66,5.7,40,32.0
247,Walvis Bay,-22.96,14.51,93,2.1,0,12.36
248,Nanortalik,60.14,-45.24,91,2.39,100,1.74
249,Sterling,39.01,-77.43,87,1.5,40,14.95
250,Kavaratti,10.57,72.64,74,4.42,46,27.36
251,Port Lincoln,-34.73,135.87,67,4.11,93,16.91
252,Barra de Tecoanapa,16.52,-98.75,82,2.97,5,27.43
253,Oyama,36.3,139.8,59,3.6,75,19.87
254,Tombouctou,20.0,-3.0,15,4.3,0,27.83
255,Cape Town,-33.93,18.42,87,3.1,75,14.31
256,Lensk,60.73,114.93,92,4.71,94,-1.6
257,Mossamedes,-15.2,12.15,84,1.45,8,19.12
258,Hervey Bay,-25.3,152.85,54,6.7,75,26.84
259,Clarence Town,-32.58,151.78,64,7.2,40,20.57
260,Wasilla,61.58,-149.44,74,0.47,90,-0.1
261,Hailey,43.52,-114.32,43,3.6,5,11.0
262,Barddhamān,23.25,87.85,66,2.85,11,28.25
263,Amuntai,-2.42,115.25,67,0.39,100,29.89
264,Mozarlândia,-14.74,-50.57,75,2.56,100,24.88
265,Farmington,36.73,-108.22,13,1.5,1,20.0
266,Acaraú,-2.89,-40.12,82,7.69,2,25.72
267,Maués,-3.38,-57.72,55,0.6,100,26.78
268,Pa Sang,18.53,98.94,78,3.1,75,23.94
269,George Town,5.41,100.34,79,0.5,20,29.42
270,Khatanga,71.97,102.5,97,2.07,82,-10.33
271,Saint Anthony,45.02,-93.22,92,1.4,1,-0.8
272,Hambantota,6.12,81.12,78,3.1,20,28.0
273,Salinópolis,-0.61,-47.36,82,5.5,19,26.88
274,Malanje,-9.54,16.34,94,3.16,75,18.98
275,Funadhoo,6.15,73.27,78,5.73,13,27.8
276,Carnarvon,-24.87,113.63,64,7.7,40,23.0
277,Wewak,-3.55,143.63,77,2.16,44,28.18
278,Esim,4.87,-2.24,88,3.42,72,25.08
279,Fare,-16.7,-151.02,78,7.34,27,26.59
280,Faanui,-16.48,-151.75,79,8.48,28,26.26
281,Hirara,24.8,125.28,78,8.7,75,28.41
282,Takoradze,4.88,-1.76,89,3.31,88,24.81
283,Rognan,67.1,15.39,82,2.9,100,0.68
284,Shuyskoye,59.37,41.03,96,2.47,100,0.75
285,Lugo,43.0,-7.5,92,0.89,100,13.81
286,Kamenka,51.32,42.77,92,3.49,1,2.09
287,College,64.86,-147.8,85,0.7,90,-6.45
288,Victoria Point,-27.58,153.3,47,6.7,75,25.0
289,Tezu,27.92,96.17,83,0.46,78,24.28
290,Sayyan,15.17,44.32,50,1.95,0,8.28
291,Sain Alto,23.58,-103.25,36,2.32,6,17.17
292,Comodoro Rivadavia,-45.87,-67.5,37,4.1,0,11.0
293,Usinsk,65.99,57.53,95,3.21,100,-5.18
294,Lang Son,21.83,106.73,62,4.49,100,19.59
295,Si Bun Rueang,16.97,102.28,92,1.99,100,21.45
296,Iqaluit,63.75,-68.51,85,2.6,90,-5.0
297,Shache,38.42,77.24,33,0.96,0,13.29
298,Padang,-0.95,100.35,53,1.79,57,30.95
299,Sandwick,60.0,-1.25,93,14.9,100,8.0
300,Burley,42.54,-113.79,44,4.6,1,12.0
301,St. George's,12.06,-61.75,83,2.6,20,28.0
302,Hamilton,39.18,-84.53,93,1.08,90,11.44
303,Gołdap,54.31,22.3,95,3.87,93,3.72
304,Vardø,70.37,31.11,74,5.1,40,2.0
305,Zhezkazgan,47.8,67.71,52,3.53,0,6.62
306,Luk Pu,23.17,112.28,99,2.02,0,22.78
307,Kumul,42.8,93.45,38,1.96,0,12.18
308,Broome,42.25,-75.83,93,4.6,90,12.36
309,Superior,46.72,-92.1,93,1.82,90,-0.33
310,Abu Kamal,34.45,40.92,30,2.36,2,18.81
311,Puri,19.8,85.85,88,2.6,20,27.0
312,Lorengau,-2.02,147.27,67,1.99,100,29.26
313,Kiryat Gat,31.61,34.76,83,2.6,11,21.27
314,Refojos de Basto,41.51,-8.0,90,1.08,99,13.89
315,Tahe,52.33,124.73,66,1.98,100,6.19
316,Krasnosel'kup,65.7,82.47,97,3.7,100,-5.84
317,Inta,66.03,60.17,93,2.51,100,-6.51
318,Nouadhibou,20.93,-17.03,54,7.2,20,26.0
319,Puerto Madryn,-42.77,-65.04,50,4.29,0,10.85
320,Paralímni,35.04,33.98,68,1.0,98,19.02
321,Cherskiy,68.75,161.3,94,1.95,66,-5.28
322,Zyryanovsk,49.74,84.27,71,0.19,8,2.28
323,Husavik,66.04,-17.34,92,1.5,73,-1.0
324,Grand Gaube,-20.01,57.66,70,4.47,0,24.44
325,Caçapava do Sul,-30.51,-53.49,82,1.12,0,17.22
326,Weatherford,32.76,-97.8,87,0.45,0,12.93
327,Numāligarh,26.63,93.75,87,2.52,66,24.99
328,Šibenik,43.73,15.91,58,4.6,0,7.89
329,Shingū,33.73,135.98,46,2.6,40,21.0
330,Quatre Cocos,-20.21,57.76,78,5.1,40,23.76
331,Bowen,-20.02,148.23,43,3.6,75,31.0
332,Calama,-22.47,-68.93,15,3.1,0,13.0
333,Matara,5.95,80.54,74,5.83,100,27.95
334,Bereda,43.27,-7.54,87,4.92,100,13.94
335,Słupsk,54.46,17.03,90,2.93,100,5.44
336,North Bend,43.41,-124.22,87,6.7,1,14.08
337,Shalazhi,43.1,45.36,67,7.0,100,14.39
338,Manche,49.0,-1.17,71,5.7,100,14.0
339,Luleå,65.58,22.15,86,3.6,89,-3.0
340,Bariloche,-41.15,-71.31,85,2.13,27,1.82
341,Birjand,32.87,59.22,19,1.37,0,1.0
342,Gamba,-2.65,10.0,90,2.94,100,24.57
343,Oddur,4.12,43.89,88,1.78,4,21.52
344,Pochutla,15.74,-96.47,84,1.8,52,25.56
345,Hay River,60.82,-115.8,73,1.0,20,-7.0
346,Srednekolymsk,67.45,153.68,95,0.93,98,-6.16
347,Naziya,59.8,31.38,91,4.72,92,0.56
348,Labuhan,-6.88,112.21,62,4.76,38,30.39
349,Harper,4.38,-7.72,80,2.98,100,25.1
350,Bonfim,3.08,-59.95,67,0.7,99,27.04
351,Lompoc,34.64,-120.46,93,2.6,90,13.96
352,Edremit,39.6,27.02,82,4.1,40,15.0
353,Macon,39.87,-88.97,87,3.6,90,7.52
354,Vestmannaeyjar,63.44,-20.27,77,1.51,72,4.1
355,Mnogovershinnyy,53.94,139.92,84,8.65,6,0.56
356,Mahibadhoo,3.78,72.97,79,5.73,100,27.93
357,Forsytheganj,52.63,29.73,90,4.55,35,2.64
358,Port Augusta,-32.5,137.77,49,3.6,90,23.66
359,Alofi,-19.06,-169.92,69,7.7,75,26.0
360,Dwārka,22.24,68.97,73,3.57,64,29.52
361,La Ronge,55.1,-105.28,58,2.1,90,-3.0
362,Camacha,33.08,-16.33,94,7.7,75,20.0
363,Gijang,35.24,129.21,45,2.1,0,20.0
364,Nowy Targ,49.48,20.03,89,1.5,75,0.52
365,Meulaboh,4.14,96.13,61,0.97,3,30.25
366,Atbasar,51.8,68.33,81,3.98,9,7.16
367,Baláo,-2.92,-79.82,85,3.52,90,22.89
368,Weiser,44.25,-116.97,41,1.0,1,14.12
369,Okhotsk,59.38,143.3,77,9.74,8,-2.9
370,Labytnangi,66.66,66.42,93,1.68,0,-10.86
371,Oktyabr'skiy,54.48,53.47,73,2.63,100,4.37
372,Fernie,49.5,-115.07,93,3.1,75,3.0
373,Cap Malheureux,-19.98,57.61,70,4.47,0,24.44
374,Nyurba,63.28,118.33,93,3.44,95,-3.02
375,Vodnyy,63.5,53.41,95,2.57,97,0.36
376,Marshfield,44.67,-90.17,85,2.09,1,-3.63
377,Sinnamary,5.38,-52.95,85,4.92,79,26.52
378,Laas,46.62,10.7,48,0.64,5,3.69
379,Saraland,30.82,-88.07,92,2.42,0,20.92
380,Oussouye,12.48,-16.55,89,2.4,4,26.88
381,Novikovo,51.15,37.89,82,3.58,0,2.51
382,Lata,40.16,-8.33,96,2.68,100,16.66
383,Turukhansk,65.82,87.98,96,1.81,98,-10.38
384,Prado,-17.34,-39.22,84,1.88,100,22.66
385,Mitsamiouli,-11.38,43.28,72,1.75,0,25.15
386,Kandrian,-6.22,149.55,62,2.99,100,29.67
387,Puerto Rico,-26.8,-55.02,60,1.03,0,21.81
388,Wajima,37.4,136.9,59,3.6,40,19.0
389,Tanout,14.97,8.89,15,4.27,0,28.06
390,Waipawa,-41.41,175.52,67,8.7,92,15.1
391,Kieta,-6.22,155.63,68,1.9,25,29.9
392,San Lorenzo,-25.33,-57.53,40,2.6,0,32.0
393,Karatau,43.17,70.47,48,1.88,0,9.16
394,Margate,51.38,1.39,73,2.68,100,12.94
395,Bilibino,68.05,166.44,93,1.43,72,-8.38
396,San Cristobal,7.77,-72.22,83,0.82,97,19.88
397,Hobyo,5.35,48.53,80,5.0,0,26.31
398,Warwick,41.7,-71.42,93,0.97,40,10.32
399,Hoi An,15.88,108.33,94,0.5,90,24.0
400,Bubaque,11.28,-15.83,87,3.46,27,27.96
401,Maiduguri,11.85,13.16,23,0.68,0,25.68
402,Aklavik,68.22,-135.01,92,2.6,90,-5.0
403,Celestún,20.87,-90.4,83,5.28,0,26.36
404,Pimentel,-6.84,-79.93,88,5.24,65,16.67
405,Vilyuysk,63.76,121.62,95,4.11,99,-4.11
406,Mana,5.66,-53.78,85,4.73,30,26.55
407,Shimoda,34.67,138.95,63,8.7,75,17.54
408,Mayo,38.89,-76.51,88,2.6,1,15.71
409,Constitución,-35.33,-72.42,69,4.87,70,11.49
410,Luganville,-15.53,167.17,70,3.1,20,29.0
411,Pipraich,26.83,83.53,53,1.75,0,25.95
412,Machaneng,-23.19,27.49,29,2.63,11,23.92
413,Pampa,35.54,-100.96,62,4.6,1,11.0
414,Thessalon,46.25,-83.57,60,3.59,90,5.0
415,Saint-Augustin,51.23,-58.65,79,3.37,94,6.6
416,Chengde,40.97,117.94,33,1.9,100,15.86
417,Oruzgan,32.83,66.0,36,1.4,0,9.39
418,Kudahuvadhoo,2.67,72.89,79,5.62,72,27.83
419,Westport,41.14,-73.36,77,3.1,1,13.83
420,Karasburg,-28.02,18.75,73,4.34,0,7.66
421,Bambanglipuro,-7.95,110.28,59,1.87,82,30.74
422,Malpe,13.35,74.72,88,1.19,75,26.0
423,Half Moon Bay,37.46,-122.43,93,2.34,90,16.31
424,Ayan,56.45,138.17,73,6.08,0,0.86
425,Chabahar,25.29,60.64,87,3.1,0,16.0
426,Barcelona,41.39,2.16,87,1.5,40,15.97
427,Callaway,30.15,-85.57,73,1.34,0,22.76
428,Mayya,61.73,130.28,85,2.19,40,-11.0
429,Lavaca,28.61,-96.63,83,3.1,1,25.81
430,Jalalabad,34.43,70.45,21,0.43,0,24.1
431,Poum,-20.23,164.02,70,5.65,1,24.45
432,Pilar,-9.6,-35.96,88,1.5,20,22.0
433,Uttaradit,17.67,100.5,94,1.5,75,23.0
434,Fairbanks,64.84,-147.72,85,0.75,90,-6.41
435,Ulaangom,49.98,92.07,76,2.01,37,0.31
436,Hauge i Dalane,58.34,6.28,94,1.34,100,7.59
437,Boyuibe,-20.42,-63.28,48,3.03,64,25.59
438,Abu Samrah,35.3,37.18,49,2.81,85,18.89
439,Aparecida do Taboado,-20.09,-51.09,88,3.64,100,21.36
440,Rio Grande,-32.03,-52.1,92,2.88,3,21.11
441,Chilca,-12.52,-76.74,82,3.6,18,16.73
442,Baykit,61.67,96.37,92,2.7,88,-3.9
443,Solnechnyy,50.72,136.63,54,0.92,0,5.93
444,Tigil',57.8,158.67,71,4.57,100,4.48
445,Namatanai,-3.67,152.43,68,0.96,97,29.59
446,Uncia,-18.47,-66.57,47,2.85,29,10.63
447,Sabla,12.75,4.71,42,2.69,0,27.4
448,Evans,33.53,-82.13,72,3.1,1,17.54
449,Otane,-39.88,176.63,78,4.02,100,14.44
450,Antalya Province,36.77,30.72,82,1.5,75,20.0
451,Kruisfontein,-34.0,24.73,63,2.24,65,16.11
452,Hofn,64.25,-15.21,75,5.29,0,3.2
453,Robinsonville,31.47,-97.11,72,1.5,75,19.51
454,San Patricio,28.02,-97.52,88,5.7,40,25.9
455,Honiara,-9.43,159.95,74,3.1,40,29.0
456,Nemuro,43.32,145.57,55,5.1,40,14.0
457,Curuguaty,-24.47,-55.69,72,1.3,1,22.58
458,Lobito,-12.35,13.55,83,1.97,13,22.69
459,Yamethin,20.43,96.15,67,1.29,61,27.65
460,Galich,58.38,42.35,91,3.1,99,1.18
461,Terrace Bay,48.78,-87.1,90,2.73,93,-0.16
462,Kalmunai,7.42,81.82,59,1.06,33,28.74
463,Corralillo,22.98,-80.59,83,6.39,100,24.5
464,Touros,-5.2,-35.46,83,2.1,75,25.0
465,Jalu,29.03,21.55,73,5.75,0,19.97
466,Muhos,64.81,25.99,92,2.1,20,-2.68
467,Korla,41.76,86.15,31,1.99,0,14.34
468,Akhtubinsk,48.28,46.17,76,3.09,68,8.75
469,Mishkino,55.34,63.92,91,3.65,100,8.59
470,Port-Gentil,-0.72,8.78,85,5.42,78,25.81
471,Caraballeda,10.61,-66.85,73,1.83,7,26.71
472,Markova,48.68,24.41,74,2.06,75,4.39
473,Ahipara,-35.17,173.17,65,4.52,99,18.32
474,Sīra,13.75,76.91,84,3.66,92,23.34
475,Flin Flon,54.77,-101.86,90,1.37,27,-4.52
476,Pacific Grove,36.62,-121.92,93,1.48,90,13.55
477,Itarema,-2.92,-39.92,81,7.79,6,25.9
478,Quryq,43.2,51.65,90,3.76,36,14.94
479,La Rioja,42.25,-2.5,77,9.3,100,15.0
480,Datong,40.09,113.29,32,5.77,100,14.42
481,Eugene,44.05,-123.09,82,3.1,75,12.6
482,São João da Barra,-21.64,-41.05,85,4.99,100,22.41
483,Maragogi,-9.01,-35.22,79,4.0,19,23.71
484,Dongying,37.46,118.49,25,3.08,100,20.62
485,Taltal,-25.4,-70.48,70,1.65,0,14.46
486,Coyhaique,-45.58,-72.07,92,1.0,11,4.0
487,Whitianga,-36.83,175.7,68,3.58,100,21.67
488,Teknāf,20.86,92.31,72,2.64,74,29.18
489,Alice Springs,-23.7,133.88,42,5.1,20,29.0
490,Easton,40.69,-75.22,77,3.6,90,14.6
491,Limerick,52.66,-8.62,93,4.1,20,12.49
492,Prainha,-1.8,-53.48,62,2.37,98,27.78
493,Dunedin,-45.87,170.5,70,9.83,93,12.22
494,Nsanje,-16.92,35.26,84,1.45,0,20.11
495,Oistins,13.07,-59.53,78,2.6,40,28.0
496,Valcourt,45.5,-72.32,93,2.1,90,9.8
497,Tomatlán,19.93,-105.25,92,0.49,28,25.11
498,Tucuruí,-3.77,-49.67,86,2.48,71,24.16
499,King City,36.21,-121.13,38,2.54,0,18.18
500,Bakchar,57.02,82.07,83,3.59,100,2.89
501,Praia da Vitória,38.73,-27.07,82,11.97,20,15.32
502,Kankakee,41.15,-87.87,87,2.6,90,6.01
503,Maxixe,-23.86,35.35,87,3.9,0,19.54
504,Mareeba,-17.0,145.43,55,3.6,0,31.09
505,Kankaanpää,61.8,22.42,92,2.6,58,-0.56
506,Guadix,37.3,-3.14,47,0.89,100,15.92
507,Mahajanga,-15.72,46.32,69,2.1,20,23.0
508,Ustka,54.58,16.86,88,4.24,100,6.89
509,Chenghai,23.46,116.77,57,4.0,23,26.0
510,Byron Bay,-28.65,153.62,56,6.2,52,22.66
511,Samarai,-10.62,150.67,80,3.64,19,27.41
512,Kulhudhuffushi,6.62,73.07,78,6.34,1,27.67
513,Santiago del Estero,-27.8,-64.26,51,9.51,65,26.5
514,San Matías,-16.37,-58.4,78,2.01,100,24.69
515,Simplício Mendes,-7.85,-41.91,28,2.46,28,25.68
516,Tekeli,44.83,78.82,28,3.03,0,14.47
517,Betafo,-19.83,46.85,77,1.54,0,15.47
518,Bayan,46.08,127.4,57,4.48,0,13.89
519,Gaza,31.5,34.47,83,2.6,5,21.37
520,Dores do Indaiá,-19.46,-45.6,94,0.23,100,17.64
521,Ndélé,8.41,20.65,74,0.45,68,21.41
522,Pūrna,19.18,77.05,82,2.09,100,25.67
523,Marrakesh,31.63,-8.01,45,2.6,30,20.0
524,Tías,28.96,-13.64,88,1.5,40,20.0
525,Yangi Marg`ilon,40.43,71.72,30,4.1,0,12.0
526,Artyom,40.47,50.33,93,7.2,20,15.0
527,Phan Thiet,10.93,108.1,71,0.38,95,29.09
528,Hualmay,-11.1,-77.61,86,2.84,5,16.47
529,Qaqortoq,60.72,-46.03,89,2.1,100,0.0
530,Petropavlovsk-Kamchatskiy,53.05,158.65,39,5.0,40,7.0
531,Cockburn Town,21.46,-71.14,75,5.18,96,27.8
532,Bandi̇̄pur,27.93,84.42,73,0.39,0,21.7
533,Prieska,-29.66,22.75,37,3.11,0,13.53
534,Cortez,37.35,-108.59,29,4.6,1,9.23
535,Valparaíso,-33.04,-71.63,81,2.1,9,12.0
536,Karaj,35.84,51.01,39,3.1,0,9.91
537,Wana,32.3,69.57,22,1.02,0,18.32
538,San Rafael,-34.62,-68.33,31,1.64,0,15.66
